# xx,yy
0.000000000000000000e+00,1.000000000000000000e+00
1.001001001001000992e-02,1.050134369945510127e+00
2.002002002002001985e-02,1.100373870637598950e+00
3.003003003003002977e-02,1.150623295213632380e+00
4.004004004004003969e-02,1.200787563327591734e+00
5.005005005005004615e-02,1.250771785738289621e+00
6.006006006006005954e-02,1.300481330483137299e+00
7.007007007007007293e-02,1.349821891148811348e+00
8.008008008008007939e-02,1.398699557735542998e+00
9.009009009009008584e-02,1.447020890593604836e+00
1.001001001001000923e-01,1.494692997888976249e+00
1.101101101101101126e-01,1.541623617030210225e+00
1.201201201201201191e-01,1.587721200460356918e+00
1.301301301301301394e-01,1.632895006186494191e+00
1.401401401401401459e-01,1.677055193385171838e+00
1.501501501501501523e-01,1.720112923385007875e+00
1.601601601601601588e-01,1.761980466287978997e+00
1.701701701701701652e-01,1.802571313448798174e+00
1.801801801801801717e-01,1.841800295987348957e+00
1.901901901901901781e-01,1.879583709462699037e+00
2.002002002002001846e-01,1.915839444788898893e+00
2.102102102102102188e-01,1.950487125422865731e+00
2.202202202202202252e-01,1.983448250803363289e+00
2.302302302302302317e-01,2.014646345967670005e+00
2.402402402402402382e-01,2.044007117219209135e+00
2.502502502502502724e-01,2.071458613665492443e+00
2.602602602602602788e-01,2.096931394391408077e+00
2.702702702702702853e-01,2.120358700978477895e+00
2.802802802802802917e-01,2.141676635026442899e+00
2.902902902902902982e-01,2.160824340279719813e+00
3.003003003003003046e-01,2.177744188908115497e+00
3.103103103103103111e-01,2.192381971439041788e+00
3.203203203203203175e-01,2.204687089787495058e+00
3.303303303303303240e-01,2.214612752780639404e+00
3.403403403403403304e-01,2.222116173526116345e+00
3.503503503503503369e-01,2.227158767927509331e+00
3.603603603603603434e-01,2.229706353606951907e+00
3.703703703703703498e-01,2.229729348453923787e+00
3.803803803803803563e-01,2.227202967981065651e+00
3.903903903903903627e-01,2.222107420632577934e+00
4.004004004004003692e-01,2.214428100158691848e+00
4.104104104104104311e-01,2.204155774140985624e+00
4.204204204204204376e-01,2.191286767728160001e+00
4.304304304304304440e-01,2.175823141620512935e+00
4.404404404404404505e-01,2.157772863323847545e+00
4.504504504504504570e-01,2.137149970680138455e+00
4.604604604604604634e-01,2.113974726673075288e+00
4.704704704704704699e-01,2.088273764501695329e+00
4.804804804804804763e-01,2.060080221914870613e+00
4.904904904904904828e-01,2.029433863803475901e+00
5.005005005005005447e-01,1.996381192055715514e+00
5.105105105105105512e-01,1.960975541694373270e+00
5.205205205205205576e-01,1.923277162332752477e+00
5.305305305305305641e-01,1.883353284008715711e+00
5.405405405405405705e-01,1.841278166483639511e+00
5.505505505505505770e-01,1.797133131125119521e+00
5.605605605605605835e-01,1.751006574528961801e+00
5.705705705705705899e-01,1.702993963077255257e+00
5.805805805805805964e-01,1.653197807675081510e+00
5.905905905905906028e-01,1.601727617958591976e+00
6.006006006006006093e-01,1.548699835321633689e+00
6.106106106106106157e-01,1.494237744166728277e+00
6.206206206206206222e-01,1.438471360848818659e+00
6.306306306306306286e-01,1.381537299846663513e+00
6.406406406406406351e-01,1.323578616766845517e+00
6.506506506506506415e-01,1.264744627858921389e+00
6.606606606606606480e-01,1.205190705796999495e+00
6.706706706706706544e-01,1.145078051562792520e+00
6.806806806806806609e-01,1.084573442347683825e+00
6.906906906906906674e-01,1.023848955476312383e+00
7.007007007007006738e-01,9.630816684413373574e-01
7.107107107107106803e-01,9.024533352281033372e-01
7.207207207207206867e-01,8.421500391985800027e-01
7.307307307307306932e-01,7.823618228959000609e-01
7.407407407407406996e-01,7.232822952237162317e-01
7.507507507507507061e-01,6.651082165481345676e-01
7.607607607607607125e-01,6.080390623638081138e-01
7.707707707707707190e-01,5.522765662595418013e-01
7.807807807807807254e-01,4.980242430121274988e-01
7.907907907907907319e-01,4.454868927297312431e-01
8.008008008008007383e-01,3.948700870576423716e-01
8.108108108108108558e-01,3.463796385492071139e-01
8.208208208208208623e-01,3.002210543929476061e-01
8.308308308308308687e-01,2.565989757728381893e-01
8.408408408408408752e-01,2.157166042221706770e-01
8.508508508508508816e-01,1.777751164119529548e-01
8.608608608608608881e-01,1.429730688920811954e-01
8.708708708708708945e-01,1.115057943772330556e-01
8.808808808808809010e-01,8.356479123920358687e-02
8.908908908908909074e-01,5.933710793294249414e-02
9.009009009009009139e-01,3.900472414453670655e-02
9.109109109109109204e-01,2.274393050549165449e-02
9.209209209209209268e-01,1.072470876863978496e-02
9.309309309309309333e-01,3.110114386540410551e-03
9.409409409409409397e-01,5.566347308837915961e-05
9.509509509509509462e-01,1.708726162966681637e-03
9.609609609609609526e-01,8.207928411334811450e-03
9.709709709709709591e-01,1.968256429752233971e-02
9.809809809809809655e-01,3.625202091131894677e-02
9.909909909909909720e-01,5.802521790853391870e-02
1.001001001001001089e+00,8.510006382368530409e-02
1.011011011011011096e+00,1.175629312218661043e-01
1.021021021021021102e+00,1.554881527588813928e-01
1.031031031031031109e+00,1.989375401985990499e-01
1.041041041041041115e+00,2.479599284090366063e-01
1.051051051051051122e+00,3.025907463239731476e-01
1.061061061061061128e+00,3.628516168148340770e-01
1.071071071071071135e+00,4.287499873682428242e-01
1.081081081081081141e+00,5.002787934080134002e-01
1.091091091091091148e+00,5.774161560365352885e-01
1.101101101101101154e+00,6.601251158995539159e-01
1.111111111111111160e+00,7.483534048004092387e-01
1.121121121121121167e+00,8.420332566049749667e-01
1.131131131131131173e+00,9.410812588870370865e-01
1.141141141141141180e+00,1.045398246665802722e+00
1.151151151151151186e+00,1.154869239482932297e+00
1.161161161161161193e+00,1.269363422956065079e+00
1.171171171171171199e+00,1.388734175829643869e+00
1.181181181181181206e+00,1.512819143422124535e+00
1.191191191191191212e+00,1.641440358241740283e+00
1.201201201201201219e+00,1.774404408411199618e+00
1.211211211211211225e+00,1.911502654405364821e+00
1.221221221221221231e+00,2.052511494465468544e+00
1.231231231231231238e+00,2.197192678909173580e+00
1.241241241241241244e+00,2.345293673408145096e+00
1.251251251251251251e+00,2.496548071154255588e+00
1.261261261261261257e+00,2.650676053682459621e+00
1.271271271271271264e+00,2.807384899963275338e+00
1.281281281281281270e+00,2.966369543221129224e+00
1.291291291291291277e+00,3.127313174777000437e+00
1.301301301301301283e+00,3.289887894055447681e+00
1.311311311311311290e+00,3.453755403737562180e+00
1.321321321321321296e+00,3.618567748883302571e+00
1.331331331331331302e+00,3.783968098689443060e+00
1.341341341341341309e+00,3.949591569393652080e+00
1.351351351351351315e+00,4.115066086681306246e+00
1.361361361361361322e+00,4.280013285800387202e+00
1.371371371371371328e+00,4.444049447441357437e+00
1.381381381381381335e+00,4.606786467294107901e+00
1.391391391391391341e+00,4.767832857053192264e+00
1.401401401401401348e+00,4.926794774506277008e+00
1.411411411411411354e+00,5.083277080209437138e+00
1.421421421421421361e+00,5.236884418127183416e+00
1.431431431431431367e+00,5.387222317495340640e+00
1.441441441441441373e+00,5.533898313051614615e+00
1.451451451451451380e+00,5.676523080672374100e+00
1.461461461461461386e+00,5.814711585355103018e+00
1.471471471471471393e+00,5.948084238394902634e+00
1.481481481481481399e+00,6.076268060520301439e+00
1.491491491491491406e+00,6.198897847679327278e+00
1.501501501501501412e+00,6.315617336101202461e+00
1.511511511511511419e+00,6.426080363202906653e+00
1.521521521521521425e+00,6.529952020863198037e+00
1.531531531531531432e+00,6.626909797549918935e+00
1.541541541541541438e+00,6.716644705759890144e+00
1.551551551551551444e+00,6.798862391214401057e+00
1.561561561561561451e+00,6.873284220247687593e+00
1.571571571571571457e+00,6.939648341830910283e+00
1.581581581581581464e+00,6.997710720690086816e+00
1.591591591591591470e+00,7.047246138003475657e+00
1.601601601601601477e+00,7.088049156201972956e+00
1.611611611611611705e+00,7.119935044445234062e+00
1.621621621621621712e+00,7.142740661406653757e+00
1.631631631631631718e+00,7.156325292071681332e+00
1.641641641641641725e+00,7.160571435336507307e+00
1.651651651651651731e+00,7.155385539287571817e+00
1.661661661661661737e+00,7.140698681146639082e+00
1.671671671671671744e+00,7.116467188981107306e+00
1.681681681681681750e+00,7.082673202404652812e+00
1.691691691691691757e+00,7.039325169628916967e+00
1.701701701701701763e+00,6.986458278372592368e+00
1.711711711711711770e+00,6.924134818289498838e+00
1.721721721721721776e+00,6.852444472741839654e+00
1.731731731731731783e+00,6.771504537918423772e+00
1.741741741741741789e+00,6.681460067479696896e+00
1.751751751751751796e+00,6.582483941101746616e+00
1.761761761761761802e+00,6.474776855489254856e+00
1.771771771771771808e+00,6.358567236632585384e+00
1.781781781781781815e+00,6.234111072295823952e+00
1.791791791791791821e+00,6.101691663940523647e+00
1.801801801801801828e+00,5.961619297513243154e+00
1.811811811811811834e+00,5.814230832753353617e+00
1.821821821821821841e+00,5.659889210910216129e+00
1.831831831831831847e+00,5.498982880995195721e+00
1.841841841841841854e+00,5.331925144933363114e+00
1.851851851851851860e+00,5.159153422221446128e+00
1.861861861861861867e+00,4.981128434942018401e+00
1.871871871871871873e+00,4.798333314228242941e+00
1.881881881881881879e+00,4.611272629518079924e+00
1.891891891891891886e+00,4.420471342181020447e+00
1.901901901901901892e+00,4.226473685343237641e+00
1.911911911911911899e+00,4.029841971978056492e+00
1.921921921921921905e+00,3.831155333566828247e+00
1.931931931931931912e+00,3.631008391870139462e+00
1.941941941941941918e+00,3.430009866579875055e+00
1.951951951951951925e+00,3.228781121848375069e+00
1.961961961961961931e+00,3.027954654910971932e+00
1.971971971971971938e+00,2.828172530231834791e+00
1.981981981981981944e+00,2.630084762809677290e+00
1.991991991991991950e+00,2.434347654478622225e+00
2.002002002002002179e+00,2.241622087229842464e+00
2.012012012012012185e+00,2.052571777760737515e+00
2.022022022022022192e+00,1.867861497629781820e+00
2.032032032032032198e+00,1.688155263556055941e+00
2.042042042042042205e+00,1.514114502552393215e+00
2.052052052052052211e+00,1.346396196719299887e+00
2.062062062062062218e+00,1.185651012652924052e+00
2.072072072072072224e+00,1.032521420533718537e+00
2.082082082082082231e+00,8.876398080626515252e-01
2.092092092092092237e+00,7.516265944983736569e-01
2.102102102102102243e+00,6.250883501212346482e-01
2.112112112112112250e+00,5.086159265080419933e-01
2.122122122122122256e+00,4.027826030446853833e-01
2.132132132132132263e+00,3.081422551318205305e-01
2.142142142142142269e+00,2.252275495515035642e-01
2.152152152152152276e+00,1.545481724597447537e-01
2.162162162162162282e+00,9.658909545121448226e-02
2.172172172172172289e+00,5.180888510766768623e-02
2.182182182182182295e+00,2.063806139095168690e-02
2.192192192192192302e+00,3.477510174632725444e-03
2.202202202202202308e+00,6.969551254360024841e-04
2.212212212212212314e+00,1.263349404671883225e-02
2.222222222222222321e+00,3.959020468133330611e-02
2.232232232232232327e+00,8.183482484053493378e-02
2.242242242242242334e+00,1.395985115792610920e-01
2.252252252252252340e+00,2.130746839763924816e-01
2.262262262262262347e+00,3.024179539017851637e-01
2.272272272272272353e+00,4.077431489602673098e-01
2.282282282282282360e+00,5.291244315967791323e-01
2.292292292292292366e+00,6.665945181268606579e-01
2.302302302302302373e+00,8.201440012232146248e-01
2.312312312312312379e+00,9.897207791425487455e-01
2.322322322322322385e+00,1.175229594718021797e+00
2.332332332332332392e+00,1.376531686871800275e+00
2.342342342342342398e+00,1.593444557120286875e+00
2.352352352352352405e+00,1.825741853252088820e+00
2.362362362362362411e+00,2.073153372056459443e+00
2.372372372372372418e+00,2.335365182668633022e+00
2.382382382382382424e+00,2.612019871778819446e+00
2.392392392392392431e+00,2.902716911624577456e+00
2.402402402402402437e+00,3.207013151352624547e+00
2.412412412412412444e+00,3.524423431996770439e+00
2.422422422422422450e+00,3.854421324974484531e+00
2.432432432432432456e+00,4.196439993656552403e+00
2.442442442442442463e+00,4.549873177213292763e+00
2.452452452452452469e+00,4.914076295587856080e+00
2.462462462462462476e+00,5.288367674093236381e+00
2.472472472472472482e+00,5.672029885775703661e+00
2.482482482482482489e+00,6.064311209334564801e+00
2.492492492492492495e+00,6.464427200037295762e+00
2.502502502502502502e+00,6.871562370721448154e+00
2.512512512512512508e+00,7.284871979631066807e+00
2.522522522522522515e+00,7.703483921496857789e+00
2.532532532532532521e+00,8.126500717937064522e+00
2.542542542542542527e+00,8.553001602930750735e+00
2.552552552552552534e+00,8.982044698798244298e+00
2.562562562562562540e+00,9.412669277815572499e+00
2.572572572572572547e+00,9.843898104292071238e+00
2.582582582582582553e+00,1.027473985165360659e+01
2.592592592592592560e+00,1.070419158879936816e+01
2.602602602602602566e+00,1.113124132973838343e+01
2.612612612612612573e+00,1.155487064026415212e+01
2.622622622622622579e+00,1.197405729519258166e+01
2.632632632632632586e+00,1.238777797947067860e+01
2.642642642642642592e+00,1.279501102626214326e+01
2.652652652652652598e+00,1.319473918493151920e+01
2.662662662662662605e+00,1.358595241168202605e+01
2.672672672672672611e+00,1.396765067545387140e+01
2.682682682682682618e+00,1.433884677156061471e+01
2.692692692692692624e+00,1.469856913543160992e+01
2.702702702702702631e+00,1.504586464873889362e+01
2.712712712712712637e+00,1.537980143011797551e+01
2.722722722722722644e+00,1.569947160264410435e+01
2.732732732732732650e+00,1.600399403019881106e+01
2.742742742742742657e+00,1.629251701485672044e+01
2.752752752752752663e+00,1.656422094743950879e+01
2.762762762762762669e+00,1.681832090342289376e+01
2.772772772772772676e+00,1.705406917644388187e+01
2.782782782782782682e+00,1.727075774173890110e+01
2.792792792792792689e+00,1.746772064194937713e+01
2.802802802802802695e+00,1.764433628785927155e+01
2.812812812812812702e+00,1.780002966677922416e+01
2.822822822822822708e+00,1.793427445146394916e+01
2.832832832832832715e+00,1.804659500264333261e+01
2.842842842842842721e+00,1.813656825846249276e+01
2.852852852852852727e+00,1.820382550436223923e+01
2.862862862862862734e+00,1.824805401718778342e+01
2.872872872872872740e+00,1.826899857759004320e+01
2.882882882882882747e+00,1.826646284507989648e+01
2.892892892892892753e+00,1.824031059041055158e+01
2.902902902902902760e+00,1.819046678029605957e+01
2.912912912912912766e+00,1.811691850982441920e+01
2.922922922922922773e+00,1.801971577829061744e+01
2.932932932932932779e+00,1.789897210455766441e+01
2.942942942942942786e+00,1.775486497845114542e+01
2.952952952952952792e+00,1.758763614510437634e+01
2.962962962962962798e+00,1.739759171959547501e+01
2.972972972972972805e+00,1.718510212965374961e+01
2.982982982982982811e+00,1.695060188465987849e+01
2.992992992992992818e+00,1.669458916962063100e+01
3.003003003003002824e+00,1.641762526326412441e+01
3.013013013013012831e+00,1.612033377987341254e+01
3.023023023023022837e+00,1.580339973495471284e+01
3.033033033033032844e+00,1.546756843531927750e+01
3.043043043043042850e+00,1.511364419464433162e+01
3.053053053053052857e+00,1.474248887606688285e+01
3.063063063063062863e+00,1.435502026385353247e+01
3.073073073073072869e+00,1.395221026667801745e+01
3.083083083083082876e+00,1.353508295552503071e+01
3.093093093093092882e+00,1.310471243972226318e+01
3.103103103103102889e+00,1.266222058508152237e+01
3.113113113113112895e+00,1.220877457860244952e+01
3.123123123123122902e+00,1.174558434465782852e+01
3.133133133133132908e+00,1.127389981803607988e+01
3.143143143143142915e+00,1.079500807966301679e+01
3.153153153153152921e+00,1.031023036126010872e+01
3.163163163163162928e+00,9.820918925618746798e+00
3.173173173173172934e+00,9.328453829578362999e+00
3.183183183183182940e+00,8.834239577189226367e+00
3.193193193193192947e+00,8.339701670917147425e+00
3.203203203203202953e+00,7.846283069106132935e+00
3.213213213213213404e+00,7.355440558254718653e+00
3.223223223223223410e+00,6.868641048981810826e+00
3.233233233233233417e+00,6.387357804855844812e+00
3.243243243243243423e+00,5.913066613538845218e+00
3.253253253253253430e+00,5.447241909949328331e+00
3.263263263263263436e+00,4.991352861378139494e+00
3.273273273273273443e+00,4.546859424695762542e+00
3.283283283283283449e+00,4.115208385968602833e+00
3.293293293293293456e+00,3.697829392954314898e+00
3.303303303303303462e+00,3.296130991071681393e+00
3.313313313313313468e+00,2.911496673538404245e+00
3.323323323323323475e+00,2.545280956439703868e+00
3.333333333333333481e+00,2.198805489531554080e+00
3.343343343343343488e+00,1.873355213594265711e+00
3.353353353353353494e+00,1.570174575134617667e+00
3.363363363363363501e+00,1.290463809187645028e+00
3.373373373373373507e+00,1.035375300892446226e+00
3.383383383383383514e+00,8.060100364096606240e-01
3.393393393393393520e+00,6.034141536119591587e-01
3.403403403403403527e+00,4.285756028127269412e-01
3.413413413413413533e+00,2.824209276025431148e-01
3.423423423423423539e+00,1.658121756381692735e-01
3.433433433433433546e+00,7.954394897499333927e-02
3.443443443443443552e+00,2.434060325160962088e-02
3.453453453453453559e+00,8.536047249601965781e-04
3.463463463463463565e+00,9.659053816848488933e-03
3.473473473473473572e+00,5.125538346826361696e-02
3.483483483483483578e+00,1.260612402076718985e-01
3.493493493493493585e+00,2.344135554239273334e-01
3.503503503503503591e+00,3.765658138947857170e-01
3.513513513513513598e+00,5.526865261590520051e-01
3.523523523523523604e+00,7.628579108351900562e-01
3.533533533533533610e+00,1.007074792483001691e+00
3.543543543543543617e+00,1.285243720078795615e+00
3.553553553553553623e+00,1.597182310629686297e+00
3.563563563563563630e+00,1.942618821890484515e+00
3.573573573573573636e+00,2.321191957568563780e+00
3.583583583583583643e+00,2.732450907809463647e+00
3.593593593593593649e+00,3.175855627150267591e+00
3.603603603603603656e+00,3.650777351510653634e+00
3.613613613613613662e+00,4.156499355164296361e+00
3.623623623623623669e+00,4.692217947997911587e+00
3.633633633633633675e+00,5.257043712723026729e+00
3.643643643643643681e+00,5.850002981058434415e+00
3.653653653653653688e+00,6.470039547250896916e+00
3.663663663663663694e+00,7.116016616649697646e+00
3.673673673673673701e+00,7.786718986398878606e+00
3.683683683683683707e+00,8.480855454661302417e+00
3.693693693693693714e+00,9.197061454142616554e+00
3.703703703703703720e+00,9.933901905042825220e+00
3.713713713713713727e+00,1.068987428193005940e+01
3.723723723723723733e+00,1.146341188840709968e+01
3.733733733733733740e+00,1.225288733282818043e+01
3.743743743743743746e+00,1.305661619772312498e+01
3.753753753753753752e+00,1.387286089499972519e+01
3.763763763763763759e+00,1.469983469842542156e+01
3.773773773773773765e+00,1.553570594433696250e+01
3.783783783783783772e+00,1.637860239099410009e+01
3.793793793793793778e+00,1.722661572648147654e+01
3.803803803803803785e+00,1.807780621457377634e+01
3.813813813813813791e+00,1.893020746751415828e+01
3.823823823823823798e+00,1.978183133421650552e+01
3.833833833833833804e+00,2.063067289198945886e+01
3.843843843843843811e+00,2.147471552949629370e+01
3.853853853853853817e+00,2.231193610830987240e+01
3.863863863863863823e+00,2.314031019009831525e+01
3.873873873873873830e+00,2.395781731618539112e+01
3.883883883883883836e+00,2.476244632597067508e+01
3.893893893893893843e+00,2.555220070046989278e+01
3.903903903903903849e+00,2.632510391704613184e+01
3.913913913913913856e+00,2.707920480124819917e+01
3.923923923923923862e+00,2.781258286155490111e+01
3.933933933933933869e+00,2.852335359274330884e+01
3.943943943943943875e+00,2.920967373355579966e+01
3.953953953953953881e+00,2.986974646433577973e+01
3.963963963963963888e+00,3.050182653033513702e+01
3.973973973973973894e+00,3.110422527646806046e+01
3.983983983983983901e+00,3.167531557939696896e+01
3.993993993993993907e+00,3.221353666298464447e+01
4.004004004004004358e+00,3.271739878333541185e+01
4.014014014014014364e+00,3.318548776987400117e+01
4.024024024024024371e+00,3.361646940917521675e+01
4.034034034034034377e+00,3.400909365856058741e+01
4.044044044044044384e+00,3.436219867681629125e+01
4.054054054054054390e+00,3.467471465976477418e+01
4.064064064064064397e+00,3.494566746883285191e+01
4.074074074074074403e+00,3.517418204120802727e+01
4.084084084084084409e+00,3.535948557065515274e+01
4.094094094094094416e+00,3.550091044858140776e+01
4.104104104104104422e+00,3.559789695548378319e+01
4.114114114114114429e+00,3.564999569349163266e+01
4.124124124124124435e+00,3.565686975132449277e+01
4.134134134134134442e+00,3.561829659362027911e+01
4.144144144144144448e+00,3.553416966725303894e+01
4.154154154154154455e+00,3.540449971794519257e+01
4.164164164164164461e+00,3.522941581119276577e+01
4.174174174174174468e+00,3.500916605225272349e+01
4.184184184184184474e+00,3.474411800069751877e+01
4.194194194194194480e+00,3.443475877581033728e+01
4.204204204204204487e+00,3.408169484988564335e+01
4.214214214214214493e+00,3.368565152729770062e+01
4.224224224224224500e+00,3.324747210801857022e+01
4.234234234234234506e+00,3.276811673508655076e+01
4.244244244244244513e+00,3.224866092636401760e+01
4.254254254254254519e+00,3.169029379175640670e+01
4.264264264264264526e+00,3.109431593791221005e+01
4.274274274274274532e+00,3.046213706326141946e+01
4.284284284284284539e+00,2.979527324709921032e+01
4.294294294294294545e+00,2.909534393725494894e+01
4.304304304304304551e+00,2.836406864172819553e+01
4.314314314314314558e+00,2.760326333049346914e+01
4.324324324324324564e+00,2.681483655450000825e+01
4.334334334334334571e+00,2.600078528969075009e+01
4.344344344344344577e+00,2.516319051466331658e+01
4.354354354354354584e+00,2.430421253136217175e+01
4.364364364364364590e+00,2.342608603895525121e+01
4.374374374374374597e+00,2.253111497177445344e+01
4.384384384384384603e+00,2.162166711291995824e+01
4.394394394394394610e+00,2.070016849580627749e+01
4.404404404404404616e+00,1.976909760659627935e+01
4.414414414414414622e+00,1.883097940109099966e+01
4.424424424424424629e+00,1.788837915025166225e+01
4.434434434434434635e+00,1.694389612908775788e+01
4.444444444444444642e+00,1.600015716418645084e+01
4.454454454454454648e+00,1.505981005564489905e+01
4.464464464464464655e+00,1.412551688963460350e+01
4.474474474474474661e+00,1.319994725823585568e+01
4.484484484484484668e+00,1.228577140356754427e+01
4.494494494494494674e+00,1.138565330356397531e+01
4.504504504504504681e+00,1.050224371705161985e+01
4.514514514514514687e+00,9.638173206017837558e+00
4.524524524524524693e+00,8.796045153174596010e+00
4.534534534534534700e+00,7.978428793067800839e+00
4.544544544544544706e+00,7.187852275100233612e+00
4.554554554554554713e+00,6.426795776889195899e+00
4.564564564564564719e+00,5.697684686400828369e+00
4.574574574574574726e+00,5.002882871259807018e+00
4.584584584584584732e+00,4.344686053555876448e+00
4.594594594594594739e+00,3.725315308327930452e+00
4.604604604604604745e+00,3.146910703730334102e+00
4.614614614614614752e+00,2.611525100648059539e+00
4.624624624624624758e+00,2.121118129252739237e+00
4.634634634634634764e+00,1.677550359657282497e+00
4.644644644644644771e+00,1.282577683455317086e+00
4.654654654654654777e+00,9.378459225030379987e-01
4.664664664664664784e+00,6.448856808350885705e-01
4.674674674674674790e+00,4.051074550865069179e-01
4.684684684684684797e+00,2.197970182357993074e-01
4.694694694694694803e+00,9.011109087771722315e-02
4.704704704704704810e+00,1.707331359106007904e-02
4.714714714714714816e+00,1.570533278497191496e-03
4.724724724724724823e+00,4.434941563145796545e-02
4.734734734734734829e+00,1.460133951091206750e-01
4.744744744744744835e+00,3.070199730223013845e-01
4.754754754754754842e+00,5.276783734803942583e-01
4.764764764764764848e+00,8.081475660943778783e-01
4.774774774774774855e+00,1.148434663435491165e+00
4.784784784784784861e+00,1.548393700325248368e+00
4.794794794794794868e+00,2.007724801086940847e+00
4.804804804804804874e+00,2.525973739915053251e+00
4.814814814814814881e+00,3.102531898530529464e+00
4.824824824824824887e+00,3.736636624275999630e+00
4.834834834834834894e+00,4.427371990783519173e+00
4.844844844844844900e+00,5.173669962303516279e+00
4.854854854854854906e+00,5.974311961739436683e+00
4.864864864864864913e+00,6.827930841369287407e+00
4.874874874874874919e+00,7.733013254179215146e+00
4.884884884884884926e+00,8.687902422662508783e+00
4.894894894894894932e+00,9.690801300880426794e+00
4.904904904904904939e+00,1.073977612451241903e+01
4.914914914914914945e+00,1.183276034257654885e+01
4.924924924924924952e+00,1.296755892344625494e+01
4.934934934934934958e+00,1.414185302676443179e+01
4.944944944944944965e+00,1.535320503182662577e+01
4.954954954954954971e+00,1.659906391201271703e+01
4.964964964964964977e+00,1.787677094385405496e+01
4.974974974974974984e+00,1.918356573837426993e+01
4.984984984984984990e+00,2.051659258139748943e+01
4.994994994994994997e+00,2.187290706862303225e+01
5.005005005005005003e+00,2.324948302037998005e+01
5.015015015015015010e+00,2.464321966014472309e+01
5.025025025025025016e+00,2.605094904008760537e+01
5.035035035035035023e+00,2.746944369615885861e+01
5.045045045045045029e+00,2.889542451448522087e+01
5.055055055055055035e+00,3.032556879017604956e+01
5.065065065065065042e+00,3.175651845898616443e+01
5.075075075075075048e+00,3.318488848170159145e+01
5.085085085085085055e+00,3.460727536055813403e+01
5.095095095095095061e+00,3.602026576652065870e+01
5.105105105105105068e+00,3.742044525579711234e+01
5.115115115115115074e+00,3.880440705358497411e+01
5.125125125125125081e+00,4.016876088270240786e+01
5.135135135135135087e+00,4.151014181449116336e+01
5.145145145145145094e+00,4.282521911914662383e+01
5.155155155155155100e+00,4.411070509248050087e+01
5.165165165165165106e+00,4.536336383600787769e+01
5.175175175175175113e+00,4.658001996721882421e+01
5.185185185185185119e+00,4.775756723690162886e+01
5.195195195195195126e+00,4.889297703047395061e+01
5.205205205205205132e+00,4.998330673040679528e+01
5.215215215215215139e+00,5.102570791703695363e+01
5.225225225225225145e+00,5.201743438531491392e+01
5.235235235235235152e+00,5.295584995536583506e+01
5.245245245245245158e+00,5.383843605511491148e+01
5.255255255255255165e+00,5.466279905367753855e+01
5.265265265265265171e+00,5.542667732470753350e+01
5.275275275275275177e+00,5.612794801946159140e+01
5.285285285285285184e+00,5.676463352994672107e+01
5.295295295295295190e+00,5.733490762319361522e+01
5.305305305305305197e+00,5.783710122841820578e+01
5.315315315315315203e+00,5.826970785961575672e+01
5.325325325325325210e+00,5.863138865695573543e+01
5.335335335335335216e+00,5.892097703122678354e+01
5.345345345345345223e+00,5.913748289650254009e+01
5.355355355355355229e+00,5.928009647717100705e+01
5.365365365365365236e+00,5.934819167648080906e+01
5.375375375375375242e+00,5.934132899481132029e+01
5.385385385385385248e+00,5.925925798696447799e+01
5.395395395395395255e+00,5.910191924890112602e+01
5.405405405405405261e+00,5.886944592550516120e+01
5.415415415415415268e+00,5.856216473214497142e+01
5.425425425425425274e+00,5.818059648401956707e+01
5.435435435435435281e+00,5.772545612851308761e+01
5.445445445445445287e+00,5.719765227704505861e+01
5.455455455455455294e+00,5.659828623417656956e+01
5.465465465465465300e+00,5.592865052303045559e+01
5.475475475475475307e+00,5.519022690738000136e+01
5.485485485485485313e+00,5.438468391207877772e+01
5.495495495495495319e+00,5.351387384481154186e+01
5.505505505505505326e+00,5.257982932347101013e+01
5.515515515515515332e+00,5.158475931476976939e+01
5.525525525525525339e+00,5.053104469101390350e+01
5.535535535535535345e+00,4.942123331325353064e+01
5.545545545545545352e+00,4.825803465032117145e+01
5.555555555555555358e+00,4.704431394452744541e+01
5.565565565565565365e+00,4.578308593604409538e+01
5.575575575575575371e+00,4.447750815921943968e+01
5.585585585585585378e+00,4.313087382528292579e+01
5.595595595595595384e+00,4.174660430705340985e+01
5.605605605605605390e+00,4.032824124241555808e+01
5.615615615615615397e+00,3.887943827441639399e+01
5.625625625625625403e+00,3.740395244690925836e+01
5.635635635635635410e+00,3.590563527567744018e+01
5.645645645645645416e+00,3.438842351595803137e+01
5.655655655655655423e+00,3.285632964819763657e+01
5.665665665665665429e+00,3.131343210476123318e+01
5.675675675675675436e+00,2.976386526112190367e+01
5.685685685685685442e+00,2.821180921583967915e+01
5.695695695695695449e+00,2.666147938432967024e+01
5.705705705705705455e+00,2.511711593208143611e+01
5.715715715715715461e+00,2.358297307356044570e+01
5.725725725725725468e+00,2.206330826355691244e+01
5.735735735735735474e+00,2.056237130818553283e+01
5.745745745745745481e+00,1.908439342313985776e+01
5.755755755755755487e+00,1.763357626710621417e+01
5.765765765765765494e+00,1.621408097850201102e+01
5.775775775775775500e+00,1.483001724386266140e+01
5.785785785785785507e+00,1.348543242631660810e+01
5.795795795795795513e+00,1.218430078260194982e+01
5.805805805805805520e+00,1.093051279704562795e+01
5.815815815815815526e+00,9.727864660793064999e+00
5.825825825825825532e+00,8.580047924394067493e+00
5.835835835835835539e+00,7.490639351570282933e+00
5.845845845845845545e+00,6.463091001658014534e+00
5.855855855855855552e+00,5.500720567793054627e+00
5.865865865865865558e+00,4.606701997425237671e+00
5.875875875875875565e+00,3.784056421179021079e+00
5.885885885885885571e+00,3.035643415453225469e+00
5.895895895895895578e+00,2.364152623441715839e+00
5.905905905905905584e+00,1.772095758493918982e+00
5.915915915915915591e+00,1.261799012888687344e+00
5.925925925925925597e+00,8.353958941984634956e-01
5.935935935935935603e+00,4.948205104486009254e-01
5.945945945945945610e+00,2.418013242541820484e-01
5.955955955955955616e+00,7.785539502629901243e-02
5.965965965965965623e+00,4.283127200621187486e-03
5.975975975975975629e+00,2.216354124223967118e-02
5.985985985985985636e+00,1.323500829354633257e-01
5.995995995995995642e+00,3.354669851711959416e-01
6.006006006006005649e+00,6.319061951047063586e-01
6.016016016016015655e+00,1.021824878175657147e+00
6.026026026026025662e+00,1.505143509060882678e+00
6.036036036036035668e+00,2.081544558177732096e+00
6.046046046046045674e+00,2.750471780866822424e+00
6.056056056056055681e+00,3.511130114873118657e+00
6.066066066066065687e+00,4.362486190201941838e+00
6.076076076076075694e+00,5.303269453874762007e+00
6.086086086086085700e+00,6.331973910529394622e+00
6.096096096096095707e+00,7.446860478231018377e+00
6.106106106106105713e+00,8.645959957258728679e+00
6.116116116116115720e+00,9.927076608043478245e+00
6.126126126126125726e+00,1.128779233282660677e+01
6.136136136136135732e+00,1.272547145402529978e+01
6.146146146146145739e+00,1.423726608069604005e+01
6.156156156156155745e+00,1.582012205292703833e+01
6.166166166166165752e+00,1.747078545242355929e+01
6.176176176176175758e+00,1.918580966602910109e+01
6.186186186186185765e+00,2.096156298740322299e+01
6.196196196196195771e+00,2.279423674061141725e+01
6.206206206206205778e+00,2.467985390792155442e+01
6.216216216216215784e+00,2.661427824270723974e+01
6.226226226226225791e+00,2.859322384697500752e+01
6.236236236236235797e+00,3.061226519172492999e+01
6.246246246246245803e+00,3.266684755706291554e+01
6.256256256256255810e+00,3.475229786777758534e+01
6.266266266266265816e+00,3.686383589891007517e+01
6.276276276276275823e+00,3.899658582475479562e+01
6.286286286286285829e+00,4.114558808366572151e+01
6.296296296296295836e+00,4.330581153007990736e+01
6.306306306306305842e+00,4.547216584423973984e+01
6.316316316316315849e+00,4.763951416927213245e+01
6.326326326326325855e+00,4.980268594449669450e+01
6.336336336336335862e+00,5.195648990316170313e+01
6.346346346346345868e+00,5.409572720217417441e+01
6.356356356356355874e+00,5.621520465087585450e+01
6.366366366366365881e+00,5.830974800544704095e+01
6.376376376376375887e+00,6.037421529517095564e+01
6.386386386386385894e+00,6.240351014649096584e+01
6.396396396396395900e+00,6.439259507061503029e+01
6.406406406406405907e+00,6.633650468029550495e+01
6.416416416416416801e+00,6.823035880140957943e+01
6.426426426426426808e+00,7.006937544501721504e+01
6.436436436436436814e+00,7.184888360574629473e+01
6.446446446446446821e+00,7.356433585259125607e+01
6.456456456456456827e+00,7.521132067854897230e+01
6.466466466466466834e+00,7.678557457594718016e+01
6.476476476476476840e+00,7.828299380482192760e+01
6.486486486486486847e+00,7.969964582231277461e+01
6.496496496496496853e+00,8.103178034171919819e+01
6.506506506506506859e+00,8.227583999064361819e+01
6.516516516516516866e+00,8.342847053849092731e+01
6.526526526526526872e+00,8.448653066454038196e+01
6.536536536536536879e+00,8.544710123881259278e+01
6.546546546546546885e+00,8.630749408905647613e+01
6.556556556556556892e+00,8.706526022834229650e+01
6.566566566566566898e+00,8.771819751899452910e+01
6.576576576576576905e+00,8.826435774990423511e+01
6.586586586586586911e+00,8.870205310564267620e+01
6.596596596596596918e+00,8.902986200723574939e+01
6.606606606606606924e+00,8.924663430596332603e+01
6.616616616616616930e+00,8.935149581310368205e+01
6.626626626626626937e+00,8.934385215015529980e+01
6.636636636636636943e+00,8.922339190572883183e+01
6.646646646646646950e+00,8.899008908700572817e+01
6.656656656656656956e+00,8.864420485540850336e+01
6.666666666666666963e+00,8.818628853790715993e+01
6.676676676676676969e+00,8.761717790720477694e+01
6.686686686686686976e+00,8.693799872588350297e+01
6.696696696696696982e+00,8.615016355146259741e+01
6.706706706706706989e+00,8.525536980119800035e+01
6.716716716716716995e+00,8.425559707735794746e+01
6.726726726726727001e+00,8.315310375560598288e+01
6.736736736736737008e+00,8.195042284104326313e+01
6.746746746746747014e+00,8.065035709835959210e+01
6.756756756756757021e+00,7.925597346445782421e+01
6.766766766766767027e+00,7.777059675379520343e+01
6.776776776776777034e+00,7.619780266857500806e+01
6.786786786786787040e+00,7.454141012776275943e+01
6.796796796796797047e+00,7.280547293074587856e+01
6.806806806806807053e+00,7.099427077323856849e+01
6.816816816816817060e+00,6.911229963481389404e+01
6.826826826826827066e+00,6.716426155915085872e+01
6.836836836836837072e+00,6.515505384978077075e+01
6.846846846846847079e+00,6.308975770572731534e+01
6.856856856856857085e+00,6.097362632302926500e+01
6.866866866866867092e+00,5.881207248963154655e+01
6.876876876876877098e+00,5.661065570260502255e+01
6.886886886886887105e+00,5.437506883802213054e+01
6.896896896896897111e+00,5.211112440515394439e+01
6.906906906906907118e+00,4.982474041787519070e+01
6.916916916916917124e+00,4.752192591735079219e+01
6.926926926926927131e+00,4.520876618113822332e+01
6.936936936936937137e+00,4.289140765486182261e+01
6.946946946946947143e+00,4.057604264350342049e+01
6.956956956956957150e+00,3.826889380019697739e+01
6.966966966966967156e+00,3.597619845112024706e+01
6.976976976976977163e+00,3.370419279573086158e+01
6.986986986986987169e+00,3.145909602210674905e+01
6.996996996996997176e+00,2.924709437760782649e+01
7.007007007007007182e+00,2.707432523538826885e+01
7.017017017017017189e+00,2.494686119754127063e+01
7.027027027027027195e+00,2.287069427576518521e+01
7.037037037037037202e+00,2.085172019048354741e+01
7.047047047047047208e+00,1.889572282924920188e+01
7.057057057057057214e+00,1.700835890509519643e+01
7.067067067067067221e+00,1.519514285518239660e+01
7.077077077077077227e+00,1.346143201971412751e+01
7.087087087087087234e+00,1.181241214056639421e+01
7.097097097097097240e+00,1.025308321849198379e+01
7.107107107107107247e+00,8.788245767029248867e+00
7.117117117117117253e+00,7.422487500449297393e+00
7.127127127127127260e+00,6.160170492147428511e+00
7.137137137137137266e+00,5.005418838886826371e+00
7.147147147147147273e+00,3.962106865181753701e+00
7.157157157157157279e+00,3.033847900917109097e+00
7.167167167167167285e+00,2.223983663996938809e+00
7.177177177177177292e+00,1.535574278442163987e+00
7.187187187187187298e+00,9.713889568812952291e-01
7.197197197197197305e+00,5.338973748359292504e-01
7.207207207207207311e+00,2.252617625676645030e-01
7.217217217217217318e+00,4.732973855560629328e-02
7.227227227227227324e+00,1.627906894907243506e-03
7.237237237237237331e+00,8.935623906977231690e-02
7.247247247247247337e+00,3.113832586491191989e-01
7.257257257257257343e+00,6.682420454938293730e-01
7.267267267267267350e+00,1.160127074051169105e+00
7.277277277277277356e+00,1.786891898249477251e+00
7.287287287287287363e+00,2.548047693404467573e+00
7.297297297297297369e+00,3.442762663402808343e+00
7.307307307307307376e+00,4.469862319259443773e+00
7.317317317317317382e+00,5.627830632937524946e+00
7.327327327327327389e+00,6.914812068104748022e+00
7.337337337337337395e+00,8.328614487252599119e+00
7.347347347347347402e+00,9.866712932366487721e+00
7.357357357357357408e+00,1.152625427407055625e+01
7.367367367367367414e+00,1.330406272193157768e+01
7.377377377377377421e+00,1.519664618634882203e+01
7.387387387387387427e+00,1.720020348023951229e+01
7.397397397397397434e+00,1.931063234650169136e+01
7.407407407407407440e+00,2.152353829506474980e+01
7.417417417417417447e+00,2.383424423116279556e+01
7.427427427427427453e+00,2.623780085436289511e+01
7.437437437437437460e+00,2.872899780578121209e+01
7.447447447447447466e+00,3.130237553890755109e+01
7.457457457457457473e+00,3.395223788745811788e+01
7.467467467467467479e+00,3.667266530177628425e+01
7.477477477477477485e+00,3.945752872342045237e+01
7.487487487487487492e+00,4.230050406581113265e+01
7.497497497497497498e+00,4.519508726706928314e+01
7.507507507507507505e+00,4.813460987956367632e+01
7.517517517517517511e+00,5.111225515910490458e+01
7.527527527527527518e+00,5.412107461528029262e+01
7.537537537537537524e+00,5.715400498302150822e+01
7.547547547547547531e+00,6.020388557424091402e+01
7.557557557557557537e+00,6.326347596716426125e+01
7.567567567567567544e+00,6.632547398993382615e+01
7.577577577577577550e+00,6.938253395405607193e+01
7.587587587587587556e+00,7.242728509242971313e+01
7.597597597597597563e+00,7.545235015591067906e+01
7.607607607607607569e+00,7.845036412175832652e+01
7.617617617617617576e+00,8.141399296675905362e+01
7.627627627627627582e+00,8.433595245744541558e+01
7.637637637637637589e+00,8.720902690952016201e+01
7.647647647647647595e+00,9.002608786845694056e+01
7.657657657657657602e+00,9.278011266318532080e+01
7.667667667667667608e+00,9.546420278487461530e+01
7.677677677677677615e+00,9.807160204301487738e+01
7.687687687687687621e+00,1.005957144513455574e+02
7.697697697697697627e+00,1.030301217966146368e+02
7.707707707707707634e+00,1.053686008437479700e+02
7.717717717717717640e+00,1.076051401316867242e+02
7.727727727727727647e+00,1.097339563149889585e+02
7.737737737737737653e+00,1.117495100072107164e+02
7.747747747747747660e+00,1.136465210831556334e+02
7.757757757757757666e+00,1.154199833982343790e+02
7.767767767767767673e+00,1.170651788844765804e+02
7.777777777777777679e+00,1.185776909841139855e+02
7.787787787787787686e+00,1.199534173831696222e+02
7.797797797797797692e+00,1.211885820090775923e+02
7.807807807807807698e+00,1.222797462580743684e+02
7.817817817817817705e+00,1.232238194198918677e+02
7.827827827827827711e+00,1.240180682691836580e+02
7.837837837837837718e+00,1.246601257950877368e+02
7.847847847847847724e+00,1.251479990423978137e+02
7.857857857857857731e+00,1.254800760399508022e+02
7.867867867867867737e+00,1.256551317940552082e+02
7.877877877877877744e+00,1.256723333270636260e+02
7.887887887887887750e+00,1.255312437435365496e+02
7.897897897897897757e+00,1.252318253088445061e+02
7.907907907907907763e+00,1.247744415275031145e+02
7.917917917917917769e+00,1.241598582110334661e+02
7.927927927927927776e+00,1.233892435276673325e+02
7.937937937937937782e+00,1.224641670287873296e+02
7.947947947947947789e+00,1.213865976495742416e+02
7.957957957957957795e+00,1.201589006839510034e+02
7.967967967967967802e+00,1.187838337365234622e+02
7.977977977977977808e+00,1.172645416568564798e+02
7.987987987987987815e+00,1.156045504640361230e+02
7.997997997997997821e+00,1.138077602721009640e+02
8.008008008008008716e+00,1.118784372295128975e+02
8.018018018018018722e+00,1.098212044884364644e+02
8.028028028028028729e+00,1.076410322221335178e+02
8.038038038038038735e+00,1.053432267113123828e+02
8.048048048048048742e+00,1.029334185227383358e+02
8.058058058058058748e+00,1.004175498058516780e+02
8.068068068068068754e+00,9.780186073550811443e+01
8.078078078078078761e+00,9.509287513127227953e+01
8.088088088088088767e+00,9.229738528594620561e+01
8.098098098098098774e+00,8.942243603819018460e+01
8.108108108108108780e+00,8.647530812618630591e+01
8.118118118118118787e+00,8.346350086130621548e+01
8.128128128128128793e+00,8.039471416267026882e+01
8.138138138138138800e+00,7.727682999531054975e+01
8.148148148148148806e+00,7.411789325637269599e+01
8.158158158158158813e+00,7.092609215541040157e+01
8.168168168168168819e+00,6.770973813634067540e+01
8.178178178178178825e+00,6.447724539002183519e+01
8.188188188188188832e+00,6.123711000768988555e+01
8.198198198198198838e+00,5.799788882664215350e+01
8.208208208208208845e+00,5.476817802058851470e+01
8.218218218218218851e+00,5.155659148798968516e+01
8.228228228228228858e+00,4.837173909246418901e+01
8.238238238238238864e+00,4.522220480997717829e+01
8.248248248248248871e+00,4.211652483802362923e+01
8.258258258258258877e+00,3.906316572237315654e+01
8.268268268268268884e+00,3.607050255715633824e+01
8.278278278278278890e+00,3.314679731414560138e+01
8.288288288288288896e+00,3.030017735701961357e+01
8.298298298298298903e+00,2.753861419618758433e+01
8.308308308308308909e+00,2.486990253939229234e+01
8.318318318318318916e+00,2.230163969281332825e+01
8.328328328328328922e+00,1.984120536675590785e+01
8.338338338338338929e+00,1.749574193922960674e+01
8.348348348348348935e+00,1.527213522979726079e+01
8.358358358358358942e+00,1.317699583501660143e+01
8.368368368368368948e+00,1.121664107560496859e+01
8.378378378378378954e+00,9.397077604128602601e+00
8.388388388388388961e+00,7.723984720556574146e+00
8.398398398398398967e+00,6.202698441432882071e+00
8.408408408408408974e+00,4.838196366711932761e+00
8.418418418418418980e+00,3.635083386470233879e+00
8.428428428428428987e+00,2.597578267757999715e+00
8.438438438438438993e+00,1.729501159795653553e+00
8.448448448448449000e+00,1.034262053555416339e+00
8.458458458458459006e+00,5.148502294993143602e-01
8.468468468468469013e+00,1.738247248787765376e-01
8.478478478478479019e+00,1.330584954620952359e-02
8.488488488488489025e+00,3.496777668873188999e-02
8.498498498498499032e+00,2.400322322733501601e-01
8.508508508508509038e+00,6.292633043004881577e-01
8.518518518518519045e+00,1.202963390204551564e+00
8.528528528528529051e+00,1.960970297922710381e+00
8.538538538538539058e+00,2.902655513281686250e+00
8.548548548548549064e+00,4.026923643437604561e+00
8.558558558558559071e+00,5.332213043151182497e+00
8.568568568568569077e+00,6.816497627695740746e+00
8.578578578578579084e+00,8.477289873187242364e+00
8.588588588588589090e+00,1.031164500210450008e+01
8.598598598598599096e+00,1.231616634873775418e+01
8.608608608608609103e+00,1.448701189627144004e+01
8.618618618618619109e+00,1.681990197418317479e+01
8.628628628628629116e+00,1.931012810163529636e+01
8.638638638638639122e+00,2.195256295955156745e+01
8.648648648648649129e+00,2.474167147111540288e+01
8.658658658658659135e+00,2.767152296751017460e+01
8.668668668668669142e+00,3.073580441285600173e+01
8.678678678678679148e+00,3.392783465948289034e+01
8.688688688688689155e+00,3.724057970192290412e+01
8.698698698698699161e+00,4.066666889531776263e+01
8.708708708708709167e+00,4.419841210133176190e+01
8.718718718718719174e+00,4.782781772213339622e+01
8.728728728728729180e+00,5.154661158056713788e+01
8.738738738738739187e+00,5.534625660229475841e+01
8.748748748748749193e+00,5.921797325345048790e+01
8.758758758758759200e+00,6.315276068522381792e+01
8.768768768768769206e+00,6.714141853476390054e+01
8.778778778778779213e+00,7.117456932990319274e+01
8.788788788788789219e+00,7.524268144343237452e+01
8.798798798798799226e+00,7.933609254101943975e+01
8.808808808808809232e+00,8.344503346535721278e+01
8.818818818818819238e+00,8.755965249775961468e+01
8.828828828828829245e+00,9.167003993721095867e+01
8.838838838838839251e+00,9.576625293580089249e+01
8.848848848848849258e+00,9.983834052855097241e+01
8.858858858858859264e+00,1.038763687948721639e+02
8.868868868868869271e+00,1.078704460882868830e+02
8.878878878878879277e+00,1.118107482705966760e+02
8.888888888888889284e+00,1.156875438863825281e+02
8.898898898898899290e+00,1.194912192135957554e+02
8.908908908908909297e+00,1.232123031260372414e+02
8.918918918918919303e+00,1.268414917037209761e+02
8.928928928928929309e+00,1.303696725274757000e+02
8.938938938938939316e+00,1.337879485946676539e+02
8.948948948948949322e+00,1.370876617936185937e+02
8.958958958958959329e+00,1.402604158751467196e+02
8.968968968968969335e+00,1.432980988606667836e+02
8.978978978978979342e+00,1.461929048274571983e+02
8.988988988988989348e+00,1.489373550130338515e+02
8.998998998998999355e+00,1.515243181820511893e+02
9.009009009009009361e+00,1.539470302007806310e+02
9.019019019019019368e+00,1.561991127659962615e+02
9.029029029029029374e+00,1.582745912370230030e+02
9.039039039039039380e+00,1.601679115217635001e+02
9.049049049049049387e+00,1.618739559697127390e+02
9.059059059059059393e+00,1.633880582272959714e+02
9.069069069069069400e+00,1.647060170133146926e+02
9.079079079079079406e+00,1.658241087748522489e+02
9.089089089089089413e+00,1.667390991866678576e+02
9.099099099099099419e+00,1.674482534598914754e+02
9.109109109109109426e+00,1.679493454287184022e+02
9.119119119119119432e+00,1.682406653867749071e+02
9.129129129129129439e+00,1.683210266478865549e+02
9.139139139139139445e+00,1.681897708091194374e+02
9.149149149149149451e+00,1.678467716971705954e+02
9.159159159159159458e+00,1.672924379824534924e+02
9.169169169169169464e+00,1.665277144485453675e+02
9.179179179179179471e+00,1.655540819080343340e+02
9.189189189189189477e+00,1.643735557592065391e+02
9.199199199199199484e+00,1.629886831814474135e+02
9.209209209209209490e+00,1.614025389706851001e+02
9.219219219219219497e+00,1.596187200196705192e+02
9.229229229229229503e+00,1.576413384513523397e+02
9.239239239239239510e+00,1.554750134170664069e+02
9.249249249249249516e+00,1.531248615747039139e+02
9.259259259259259522e+00,1.505964862654479361e+02
9.269269269269269529e+00,1.478959654110490476e+02
9.279279279279279535e+00,1.450298381569594426e+02
9.289289289289289542e+00,1.420050902899408811e+02
9.299299299299299548e+00,1.388291384620011115e+02
9.309309309309309555e+00,1.355098132556766473e+02
9.319319319319319561e+00,1.320553411287737049e+02
9.329329329329329568e+00,1.284743252796894524e+02
9.339339339339339574e+00,1.247757254773547260e+02
9.349349349349349581e+00,1.209688369026496559e+02
9.359359359359359587e+00,1.170632680508527699e+02
9.369369369369369593e+00,1.130689177472817306e+02
9.379379379379379600e+00,1.089959513307562418e+02
9.389389389389389606e+00,1.048547760618510409e+02
9.399399399399399613e+00,1.006560158151144151e+02
9.409409409409409619e+00,9.641048511649788111e+01
9.419419419419419626e+00,9.212916258916116874e+01
9.429429429429429632e+00,8.782316387257763779e+01
9.439439439439439639e+00,8.350371408147120178e+01
9.449449449449449645e+00,7.918211987256702855e+01
9.459459459459459651e+00,7.486974118841442305e+01
9.469469469469469658e+00,7.057796274864256247e+01
9.479479479479479664e+00,6.631816535994069284e+01
9.489489489489489671e+00,6.210169711681449201e+01
9.499499499499499677e+00,5.793984456574335695e+01
9.509509509509509684e+00,5.384380390574989406e+01
9.519519519519519690e+00,4.982465229860019917e+01
9.529529529529529697e+00,4.589331936187977590e+01
9.539539539539539703e+00,4.206055891802542845e+01
9.549549549549549710e+00,3.833692107203625454e+01
9.559559559559559716e+00,3.473272469005052443e+01
9.569569569569569722e+00,3.125803035025501586e+01
9.579579579579579729e+00,2.792261383668472874e+01
9.589589589589589735e+00,2.473594024537458580e+01
9.599599599599599742e+00,2.170713877105231759e+01
9.609609609609609748e+00,1.884497824111392816e+01
9.619619619619619755e+00,1.615784346199522048e+01
9.629629629629629761e+00,1.365371244124936645e+01
9.639639639639639768e+00,1.134013454667356058e+01
9.649649649649649774e+00,9.224209661698722584e+00
9.659659659659659781e+00,7.312568393964484770e+00
9.669669669669669787e+00,5.611353391553306480e+00
9.679679679679679793e+00,4.126201818765222740e+00
9.689689689689689800e+00,2.862229040580469785e+00
9.699699699699699806e+00,1.824013562084833451e+00
9.709709709709709813e+00,1.015583266128874840e+00
9.719719719719719819e+00,4.404029893702754439e-01
9.729729729729729826e+00,1.013634736115787971e-01
9.739739739739739832e+00,7.717260001100689944e-04
9.749749749749749839e+00,1.403428182121514711e-01
9.759759759759759845e+00,5.211931512109795328e-01
9.769769769769769852e+00,1.143835208552884453e+00
9.779779779779779858e+00,2.008173817525938709e+00
9.789789789789789864e+00,3.113503933654370393e+00
9.799799799799799871e+00,4.458509960296132668e+00
9.809809809809809877e+00,6.041266611208889969e+00
9.819819819819819884e+00,7.859241320071931547e+00
9.829829829829829890e+00,9.909298197040671496e+00
9.839839839839839897e+00,1.218770352848349248e+01
9.849849849849849903e+00,1.469013281211522148e+01
9.859859859859859910e+00,1.741167931581101058e+01
9.869869869869869916e+00,2.034686414447193670e+01
9.879879879879879923e+00,2.348964779542367154e+01
9.889889889889889929e+00,2.683344317897024212e+01
9.899899899899899935e+00,3.037113007691194255e+01
9.909909909909909942e+00,3.409507100808144031e+01
9.919919919919919948e+00,3.799712846625949680e+01
9.929929929929929955e+00,4.206868349220658132e+01
9.939939939939939961e+00,4.630065553800922373e+01
9.949949949949949968e+00,5.068352357849837375e+01
9.959959959959959974e+00,5.520734842115506780e+01
9.969969969969969981e+00,5.986179616268031367e+01
9.979979979979979987e+00,6.463616273729215322e+01
9.989989989989989994e+00,6.951939949883080772e+01
1.000000000000000000e+01,7.450013977590319314e+01
